{
  "nV": 320,
  "nn": 320,
  "V_range": [
    -1,
    1
  ],
  "n_range": [
    0,
    1
  ],
  "K": 100,
  "D_values": [
    0,
    0.5,
    1,
    5,
    10,
    15
  ],
  "V_vec": [
    -1,
    -0.993730407523511,
    -0.987460815047022,
    -0.981191222570533,
    -0.974921630094044,
    -0.96865203761755492,
    -0.962382445141066,
    -0.9561128526645768,
    -0.94984326018808785,
    -0.9435736677115989,
    -0.93730407523510972,
    -0.93103448275862077,
    -0.92476489028213182,
    -0.91849529780564265,
    -0.9122257053291537,
    -0.90595611285266475,
    -0.89968652037617558,
    -0.89341692789968663,
    -0.88714733542319768,
    -0.88087774294670851,
    -0.87460815047021956,
    -0.8683385579937305,
    -0.86206896551724144,
    -0.85579937304075249,
    -0.84952978056426343,
    -0.84326018808777436,
    -0.8369905956112853,
    -0.83072100313479635,
    -0.82445141065830729,
    -0.81818181818181823,
    -0.81191222570532928,
    -0.80564263322884022,
    -0.79937304075235116,
    -0.7931034482758621,
    -0.786833855799373,
    -0.78056426332288409,
    -0.774294670846395,
    -0.768025078369906,
    -0.761755485893417,
    -0.75548589341692785,
    -0.7492163009404389,
    -0.74294670846395,
    -0.73667711598746077,
    -0.73040752351097182,
    -0.72413793103448287,
    -0.7178683385579937,
    -0.71159874608150475,
    -0.7053291536050158,
    -0.69905956112852663,
    -0.69278996865203768,
    -0.68652037617554873,
    -0.68025078369905956,
    -0.67398119122257061,
    -0.66771159874608155,
    -0.66144200626959249,
    -0.65517241379310354,
    -0.64890282131661448,
    -0.64263322884012541,
    -0.63636363636363635,
    -0.6300940438871474,
    -0.62382445141065834,
    -0.61755485893416928,
    -0.61128526645768033,
    -0.60501567398119127,
    -0.59874608150470221,
    -0.59247648902821315,
    -0.5862068965517242,
    -0.57993730407523514,
    -0.57366771159874608,
    -0.56739811912225713,
    -0.56112852664576807,
    -0.554858934169279,
    -0.54858934169279006,
    -0.542319749216301,
    -0.53605015673981193,
    -0.529780564263323,
    -0.52351097178683392,
    -0.51724137931034486,
    -0.51097178683385591,
    -0.50470219435736685,
    -0.49843260188087773,
    -0.49216300940438878,
    -0.48589341692789972,
    -0.47962382445141066,
    -0.47335423197492171,
    -0.46708463949843265,
    -0.46081504702194359,
    -0.45454545454545459,
    -0.44827586206896552,
    -0.44200626959247652,
    -0.43573667711598751,
    -0.42946708463949845,
    -0.42319749216300939,
    -0.41692789968652044,
    -0.41065830721003138,
    -0.40438871473354232,
    -0.39811912225705337,
    -0.39184952978056431,
    -0.38557993730407525,
    -0.37931034482758624,
    -0.37304075235109724,
    -0.36677115987460818,
    -0.36050156739811917,
    -0.35423197492163011,
    -0.34796238244514105,
    -0.3416927899686521,
    -0.33542319749216304,
    -0.329153605015674,
    -0.32288401253918503,
    -0.31661442006269597,
    -0.31034482758620696,
    -0.3040752351097179,
    -0.2978056426332289,
    -0.29153605015673983,
    -0.28526645768025083,
    -0.27899686520376177,
    -0.27272727272727271,
    -0.2664576802507837,
    -0.2601880877742947,
    -0.25391849529780564,
    -0.24764890282131663,
    -0.24137931034482762,
    -0.23510971786833856,
    -0.22884012539184956,
    -0.22257053291536052,
    -0.21630094043887149,
    -0.21003134796238246,
    -0.20376175548589345,
    -0.19749216300940439,
    -0.19122257053291539,
    -0.18495297805642635,
    -0.17868338557993732,
    -0.17241379310344829,
    -0.16614420062695928,
    -0.15987460815047025,
    -0.15360501567398122,
    -0.14733542319749218,
    -0.14106583072100315,
    -0.13479623824451412,
    -0.12852664576802508,
    -0.12225705329153605,
    -0.11598746081504703,
    -0.109717868338558,
    -0.10344827586206896,
    -0.097178683385579945,
    -0.090909090909090912,
    -0.084639498432601878,
    -0.078369905956112859,
    -0.072100313479623826,
    -0.065830721003134793,
    -0.059561128526645774,
    -0.053291536050156747,
    -0.047021943573667714,
    -0.040752351097178688,
    -0.034482758620689655,
    -0.028213166144200628,
    -0.021943573667711602,
    -0.015673981191222573,
    -0.0094043887147335428,
    -0.0031347962382445144,
    0.0031347962382445144,
    0.0094043887147335428,
    0.015673981191222573,
    0.021943573667711602,
    0.028213166144200628,
    0.034482758620689655,
    0.040752351097178688,
    0.047021943573667714,
    0.053291536050156747,
    0.059561128526645774,
    0.065830721003134793,
    0.072100313479623826,
    0.078369905956112859,
    0.084639498432601878,
    0.090909090909090912,
    0.097178683385579945,
    0.10344827586206896,
    0.109717868338558,
    0.11598746081504703,
    0.12225705329153605,
    0.12852664576802508,
    0.13479623824451412,
    0.14106583072100315,
    0.14733542319749218,
    0.15360501567398122,
    0.15987460815047025,
    0.16614420062695928,
    0.17241379310344829,
    0.17868338557993732,
    0.18495297805642635,
    0.19122257053291539,
    0.19749216300940439,
    0.20376175548589345,
    0.21003134796238246,
    0.21630094043887149,
    0.22257053291536052,
    0.22884012539184956,
    0.23510971786833856,
    0.24137931034482762,
    0.24764890282131663,
    0.25391849529780564,
    0.2601880877742947,
    0.2664576802507837,
    0.27272727272727271,
    0.27899686520376177,
    0.28526645768025083,
    0.29153605015673983,
    0.2978056426332289,
    0.3040752351097179,
    0.31034482758620696,
    0.31661442006269597,
    0.32288401253918503,
    0.329153605015674,
    0.33542319749216304,
    0.3416927899686521,
    0.34796238244514105,
    0.35423197492163011,
    0.36050156739811917,
    0.36677115987460818,
    0.37304075235109724,
    0.37931034482758624,
    0.38557993730407525,
    0.39184952978056431,
    0.39811912225705337,
    0.40438871473354232,
    0.41065830721003138,
    0.41692789968652044,
    0.42319749216300939,
    0.42946708463949845,
    0.43573667711598751,
    0.44200626959247652,
    0.44827586206896552,
    0.45454545454545459,
    0.46081504702194359,
    0.46708463949843265,
    0.47335423197492171,
    0.47962382445141066,
    0.48589341692789972,
    0.49216300940438878,
    0.49843260188087773,
    0.50470219435736685,
    0.51097178683385591,
    0.51724137931034486,
    0.52351097178683392,
    0.529780564263323,
    0.53605015673981193,
    0.542319749216301,
    0.54858934169279006,
    0.554858934169279,
    0.56112852664576807,
    0.56739811912225713,
    0.57366771159874608,
    0.57993730407523514,
    0.5862068965517242,
    0.59247648902821315,
    0.59874608150470221,
    0.60501567398119127,
    0.61128526645768033,
    0.61755485893416928,
    0.62382445141065834,
    0.6300940438871474,
    0.63636363636363635,
    0.64263322884012541,
    0.64890282131661448,
    0.65517241379310354,
    0.66144200626959249,
    0.66771159874608155,
    0.67398119122257061,
    0.68025078369905956,
    0.68652037617554873,
    0.69278996865203768,
    0.69905956112852663,
    0.7053291536050158,
    0.71159874608150475,
    0.7178683385579937,
    0.72413793103448287,
    0.73040752351097182,
    0.73667711598746077,
    0.74294670846395,
    0.7492163009404389,
    0.75548589341692785,
    0.761755485893417,
    0.768025078369906,
    0.774294670846395,
    0.78056426332288409,
    0.786833855799373,
    0.7931034482758621,
    0.79937304075235116,
    0.80564263322884022,
    0.81191222570532928,
    0.81818181818181823,
    0.82445141065830729,
    0.83072100313479635,
    0.8369905956112853,
    0.84326018808777436,
    0.84952978056426343,
    0.85579937304075249,
    0.86206896551724144,
    0.8683385579937305,
    0.87460815047021956,
    0.88087774294670851,
    0.88714733542319768,
    0.89341692789968663,
    0.89968652037617558,
    0.90595611285266475,
    0.9122257053291537,
    0.91849529780564265,
    0.92476489028213182,
